{"cameraMode":{"drawMode":0,"name":"Shaded","section":"Shading Mode"},"sceneLighting":false,"audioPlay":false,"sceneViewState":{"m_AlwaysRefresh":false,"showFog":true,"showSkybox":false,"showFlares":true,"showImageEffects":true,"showParticleSystems":true,"showVisualEffectGraphs":true,"m_FxEnabled":true},"in2DMode":false,"pivot":{"x":0.7246503829956055,"y":-1.3386497497558594,"z":0.7947673797607422},"rotation":{"x":0.002970536472275853,"y":-0.9933165907859802,"z":0.11252443492412567,"w":0.02622828260064125},"size":17.32050895690918,"orthographic":false}